{
  "hatchet": {
    "cost": {
      "wood": 2,
      "stone": 1
    },
    "gives": {
      "hatchet": 1
    }
  },
  "pickaxe": {
    "cost": {
      "wood": 2,
      "stone": 2
    },
    "gives": {
      "pickaxe": 1
    }
  },
  "spear": {
    "cost": {
      "wood": 3
    },
    "gives": {
      "spear": 1
    }
  },
  "knife": {
    "cost": {
      "stone": 2,
      "scrap": 1
    },
    "gives": {
      "knife": 1
    }
  },
  "tea": {
    "cost": {
      "berry": 2,
      "water": 1
    },
    "gives": {
      "tea": 1
    }
  },
  "foundation": {
    "cost": {
      "wood": 4
    },
    "gives": {
      "foundation": 1
    }
  },
  "wall": {
    "cost": {
      "wood": 2
    },
    "gives": {
      "wall": 1
    }
  },
  "door": {
    "cost": {
      "wood": 3
    },
    "gives": {
      "door": 1
    }
  }
}